{
  "branches": [
    {
      "Id": 1,
      "Name": "Benidorm"
    },
    {
      "Id": 2,
      "Name": "Alicante"
    },
    {
      "Id": 3,
      "Name": "Valencia"
    },
    {
      "Id": 4,
      "Name": "Madrid"
    }
  ],
  "cars": [
    {
      "Model": "",
      "Automatic": true,
      "LicensePlate": "1234-BHC",
      "Doors": 0,
      "Seats": 0,
      "GasType": "",
      "Suitcases": 0,
      "DayPrice": 0,
      "GroupId": 0,
      "BranchId": 0
    },
    {
      "Model": "",
      "Automatic": true,
      "LicensePlate": "8273-KHC",
      "Doors": 0,
      "Seats": 0,
      "GasType": "",
      "Suitcases": 0,
      "DayPrice": 0,
      "GroupId": 0,
      "BranchId": 0
    },
    {
      "Model": "",
      "Automatic": true,
      "LicensePlate": "9821-DNN",
      "Doors": 0,
      "Seats": 0,
      "GasType": "",
      "Suitcases": 0,
      "DayPrice": 0,
      "GroupId": 0,
      "BranchId": 0
    }
  ],
  "clients": [
    {
      "Id": 1,
      "DNI": "1234A",
      "Name": "prueba put",
      "Surname": "asdf",
      "Age": 56,
      "Email": "mail@mail.com",
      "Password": "1234",
      "Phone": 353636,
      "Address": "calle",
      "CP": 46746,
      "City": "benidorm",
      "Country": "españa"
    }
  ],
  "bookings": [
    {
      "Id": 1,
      "PickUp": 0,
      "DropOff": 0,
      "DayStart": "",
      "HourStart": "",
      "DayEnd": "",
      "HourEnd": "",
      "GroupId": 0,
      "LicensePlate": "",
      "ClientId": 0
    }
  ],
  "groups": [
    {
      "Id": 1,
      "Name": "A",
      "Photo": "src/img/A.jpg"
    }
  ],
  "plannings": [
    {
      "DayHour": "",
      "Branch": "",
      "Group": "",
      "Available": 0
    }
  ],
  "cards": [
    {
      "Id": 1,
      "NumberCode": 0,
      "ExpirationDate": "ss",
      "OwnerName": "tt",
      "ClientId": 1
    }
  ]
}